{
  "variant": "itemknn_bm25_selected",
  "family": "bm25",
  "neighbors": 320,
  "fit_data": "train_only",
  "eval_mask_test": "train_only_matches_run_baselines",
  "val": {
    "precision@k": 0.040169133192389,
    "recall@k": 0.06366344699147396,
    "ndcg@k": 0.06266383478105729,
    "n_users_evaluated": 7568
  },
  "test": {
    "precision@k": 0.042994350282485876,
    "recall@k": 0.06350535771287563,
    "ndcg@k": 0.06517995699319355,
    "n_users_evaluated": 7080
  }
}