model,precision@10,recall@10,ndcg@10,users_evaluated,eval_split
Popularity,0.034566596194503175,0.05738253062845037,0.06714822711933602,7568,val
UserCF,0.039191331923890065,0.06294011351095999,0.0792689835027723,7568,val
SVD,0.023163319238900637,0.03041290953855848,0.0394001907092213,7568,val
