model,precision@10,recall@10,ndcg@10,users_evaluated,eval_split
Popularity,0.037796610169491526,0.05855028632908751,0.0716840218129733,7080,test
UserCF,0.04275423728813559,0.0634522621756646,0.08196027428849222,7080,test
SVD,0.02279661016949153,0.02771536763231589,0.03845584799077126,7080,test
