model,precision@10,recall@10,ndcg@10,users_evaluated,eval_split
Popularity,0.0345665961945031,0.0573825306284503,0.067148227119336,7568,val
UserCF,0.03919133192389,0.0629401135109599,0.0792689835027723,7568,val
SVD,0.0231633192389006,0.0304129095385584,0.0394001907092213,7568,val
EASE-Binary-3000,0.0416622621564482,0.0663054712381571,0.0835741749251342,7568,val
RP3beta-a0.9-b0.4-t400,0.0398255813953488,0.0650711390358769,0.0810875983871245,7568,val
ItemKNN-BM25-K320,0.040169133192389,0.0636634469914739,0.0803785585570199,7568,val
