model,precision@10,recall@10,ndcg@10,users_evaluated,eval_split
Popularity,0.0345665961945031,0.0573825306284503,0.067148227119336,7568,val
UserCF,0.03919133192389,0.0629401135109599,0.0792689835027723,7568,val
ItemKNN-BM25-K320,0.040169133192389,0.0636634469914739,0.0803785585570199,7568,val
