model,precision@10,recall@10,ndcg@10,users_evaluated,eval_split
Popularity,0.0377966101694915,0.0585502863290875,0.0716840218129733,7080,test
UserCF,0.0427542372881355,0.0634522621756646,0.0819602742884922,7080,test
ItemKNN-BM25-K320,0.0429943502824858,0.0635053577128756,0.0832440248916945,7080,test
